
{
    "type": "object",
    "properties": {
        "column-filter-47": {
            "type": "object",
            "properties": {
                "columns": {
                    "type": "array"
                }
            },
            "description": "Enter Description",
            "example": {
                "columns": [
                ]
            }
        },
        "column-filter-225": {
            "type": "object",
            "properties": {
                "columns": {
                    "type": "array",
                    "items": {
                        "type": "string",
                        "default": "the_AT"
                    }
                }
            },
            "description": "Enter Description",
            "example": {
                "columns": [
                    "the_AT",
                    "and_CC",
                    "to_TO",
                    "of_IN",
                    "a_AT",
                    "in_IN",
                    "we_PPSS",
                    "i_PPSS",
                    "for_IN",
                    "is_BEZ",
                    "our_PP$",
                    "to_IN",
                    "that_CS",
                    "this_DT",
                    "have_HV",
                    "are_BER",
                    "will_MD",
                    "you_PPSS",
                    "on_IN",
                    "that_WPS",
                    "but_CC",
                    "be_BE",
                    "with_IN",
                    "they_PPSS",
                    "it_PPS",
                    "who_WPS",
                    "people_NNS",
                    "all_ABN",
                    "their_PP$",
                    "as_CS",
                    "you_PPO",
                    "can_MD",
                    "what_WDT.",
                    "that_DT",
                    "it_PPO",
                    "do_DO",
                    "or_CC",
                    "america_NP",
                    "when_WRB",
                    "by_IN",
                    "that's_DT",
                    "if_CS",
                    "from_IN",
                    "your_PP$",
                    "my_PP$",
                    "was_BEDZ",
                    "make_VB",
                    "at_IN",
                    "president_NN",
                    "he_PPS",
                    "has_HVZ",
                    "country_NN",
                    "now_RB",
                    "going_VBG",
                    "us_PPO",
                    "because_CS",
                    "more_AP",
                    "it's_PPS",
                    "just_RB",
                    "american_JJ",
                    "new_JJ",
                    "an_AT",
                    "years_NNS",
                    "about_IN",
                    "want_VB",
                    "here_RB",
                    "jobs_NNS",
                    "up_RP",
                    "know_VB",
                    "them_PPO",
                    "time_NN",
                    "me_PPO",
                    "need_VB",
                    "tax_NN",
                    "every_AT",
                    "we're_PPSS",
                    "been_BEN",
                    "get_VB",
                    "one_CD",
                    "than_CS",
                    "i'm_PPSS",
                    "those_DTS",
                    "out_RP",
                    "don't_DO",
                    "americans_NPS",
                    "economy_NN",
                    "some_DTI",
                    "we've_PPSS",
                    "got_VBD",
                    "health_NN",
                    "these_DTS",
                    "world_NN",
                    "care_NN",
                    "so_CS",
                    "would_MD",
                    "should_MD",
                    "back_RB",
                    "there_EX",
                    "his_PP$",
                    "government_NN",
                    "were_BED",
                    "plan_NN",
                    "states_NNS",
                    "had_HVD",
                    "no_AT",
                    "good_JJ",
                    "believe_VB",
                    "go_VB",
                    "way_NN",
                    "where_WRB",
                    "also_RB",
                    "said_VBD",
                    "work_VB",
                    "help_VB",
                    "like_CS",
                    "give_VB",
                    "many_AP",
                    "why_WRB",
                    "must_MD",
                    "united_VBN",
                    "families_NNS",
                    "last_AP",
                    "great_JJ",
                    "year_NN",
                    "say_VB",
                    "today_NR",
                    "other_AP",
                    "take_VB",
                    "more_QL",
                    "together_RB",
                    "how_WRB",
                    "money_NN",
                    "so_QL",
                    "think_VB",
                    "into_IN",
                    "can't_MD",
                    "down_RP",
                    "keep_VB",
                    "thank_VB",
                    "same_AP",
                    "so_RB",
                    "nation_NN",
                    "over_IN",
                    "children_NNS",
                    "energy_NN",
                    "education_NN",
                    "taxes_NNS",
                    "let_VB",
                    "future_NN",
                    "work_NN",
                    "own_JJ",
                    "war_NN",
                    "pay_VB",
                    "i've_PPSS",
                    "washington_NP",
                    "first_OD",
                    "see_VB",
                    "job_NN",
                    "security_NN",
                    "which_WDT.",
                    "applause_NN",
                    "economic_JJ",
                    "senator_NN",
                    "come_VB",
                    "million_CD",
                    "still_RB",
                    "you're_PPSS",
                    "companies_NNS",
                    "then_RB",
                    "workers_NNS",
                    "more_RBR",
                    "even_RB",
                    "working_VBG",
                    "never_RB",
                    "could_MD",
                    "000_CD",
                    "four_CD",
                    "day_NN",
                    "election_NN",
                    "change_NN",
                    "any_DTI",
                    "\"\"\"_RN\"",
                    "middle_JJ",
                    "create_VB",
                    "businesses_NNS",
                    "next_AP",
                    "insurance_NN",
                    "we'll_PPSS",
                    "as_QL",
                    "lot_NN",
                    "very_QL",
                    "two_CD",
                    "again_RB",
                    "about_RB",
                    "right_QL",
                    "sure_JJ",
                    "things_NNS",
                    "making_VBG",
                    "college_NN",
                    "small_JJ",
                    "congress_NP",
                    "did_DOD",
                    "well_RB",
                    "too_QL",
                    "only_RB",
                    "home_NR",
                    "system_NN",
                    "its_PP$",
                    "class_NN",
                    "tell_VB",
                    "family_NN",
                    "life_NN",
                    "they're_PPSS",
                    "am_BEM",
                    "most_QL",
                    "oil_NN",
                    "thing_NN",
                    "folks_NNS",
                    "iraq_NP",
                    "campaign_NN",
                    "another_DT",
                    "best_JJT",
                    "young_JJ",
                    "across_IN",
                    "done_VBN",
                    "crisis_NN",
                    "state_NN",
                    "everybody_PN",
                    "laughter_NP",
                    "percent_NN",
                    "business_NN",
                    "able_JJ",
                    "schools_NNS",
                    "through_IN",
                    "women_NNS",
                    "there_RB",
                    "she_PPS",
                    "opportunity_NN",
                    "won't_MD",
                    "choice_NN",
                    "right_JJ",
                    "i'll_PPSS",
                    "after_IN",
                    "against_IN",
                    "ago_RB",
                    "look_VB",
                    "didn't_DOD",
                    "always_RB",
                    "members_NNS",
                    "something_PN",
                    "street_NN",
                    "being_BEG",
                    "put_VB",
                    "national_JJ",
                    "afford_VB",
                    "ask_VB",
                    "part_NN",
                    "long_JJ",
                    "school_NN",
                    "him_PPO",
                    "doing_VBG",
                    "big_JJ",
                    "place_NN",
                    "better_JJR",
                    "one_PN",
                    "history_NN",
                    "governor_NN",
                    "without_IN",
                    "important_JJ",
                    "running_VBG",
                    "stand_VB",
                    "bring_VB",
                    "he's_PPS",
                    "change_VB",
                    "community_NN",
                    "made_VBD",
                    "may_MD",
                    "cannot_MD",
                    "few_AP",
                    "child_NN",
                    "ever_RB",
                    "mccain_NP",
                    "audience_NN",
                    "policies_NNS",
                    "kind_NN",
                    "federal_JJ",
                    "there's_EX",
                    "real_JJ",
                    "power_NN",
                    "better_RBR",
                    "different_JJ",
                    "century_NN",
                    "cut_VB",
                    "freedom_NN",
                    "billion_CD",
                    "build_VB",
                    "under_IN",
                    "kids_NNS",
                    "off_RP",
                    "her_PP$",
                    "doesn't_DOZ",
                    "each_DT",
                    "dollars_NNS",
                    "chance_NN",
                    "seen_VBN",
                    "while_CS",
                    "let's_VB",
                    "deficit_NN",
                    "forward_RB",
                    "much_AP",
                    "millions_NNS",
                    "days_NNS",
                    "free_JJ",
                    "means_VBZ",
                    "hard_JJ",
                    "times_NNS",
                    "teachers_NNS",
                    "bush_NP",
                    "lives_NNS",
                    "invest_VB",
                    "budget_NN",
                    "most_AP",
                    "obama_NP",
                    "how_WQL",
                    "single_AP",
                    "find_VB",
                    "responsibility_NN",
                    "provide_VB",
                    "america's_NP$",
                    "men_NNS",
                    "meet_VB",
                    "values_NNS",
                    "around_IN",
                    "reform_NN",
                    "4_CD",
                    "you've_PPSS",
                    "’_BEM",
                    "bill_NN",
                    "2_CD",
                    "came_VBD",
                    "strong_JJ",
                    "military_JJ",
                    "away_RB",
                    "whether_CS",
                    "office_NN",
                    "win_VB",
                    "between_IN",
                    "both_ABX",
                    "parents_NNS",
                    "law_NN",
                    "on_RP",
                    "matter_NN",
                    "john_NP",
                    "cost_NN",
                    "understand_VB",
                    "does_DOZ",
                    "administration_NN",
                    "god_NP",
                    "politics_NN",
                    "over_RP",
                    "talk_VB",
                    "man_NN",
                    "wall_NN",
                    "instead_RB",
                    "less_AP",
                    "high_JJ",
                    "getting_VBG",
                    "laughter_NN",
                    "end_VB",
                    "spend_VB",
                    "clinton_NP",
                    "policy_NN",
                    "before_CS",
                    "made_VBN",
                    "grow_VB",
                    "fighting_VBG",
                    "house_NN",
                    "says_VBZ",
                    "idea_NN",
                    "costs_NNS",
                    "program_NN",
                    "leadership_NN",
                    "continue_VB",
                    "proud_JJ",
                    "nothing_PN",
                    "public_JJ",
                    "well_UH",
                    "cut_VBN",
                    "finally_RB",
                    "nuclear_JJ",
                    "already_RB",
                    "live_VB",
                    "’_NIL",
                    "credit_NN",
                    "sure_RB",
                    "trade_NN",
                    "promise_NN",
                    "financial_JJ",
                    "what's_WDT.",
                    "programs_NNS",
                    "problem_NN",
                    "reason_NN",
                    "stop_VB",
                    "party_NN",
                    "three_CD",
                    "gas_NN",
                    "fight_VB",
                    "save_VB",
                    "peace_NN",
                    "medicare_NN",
                    "problems_NNS",
                    "choose_VB",
                    "clear_JJ",
                    "start_VB",
                    "debt_NN",
                    "coming_VBG",
                    "months_NNS",
                    "moment_NN",
                    "willing_JJ",
                    "spending_VBG",
                    "comes_VBZ",
                    "friends_NNS",
                    "second_OD",
                    "love_VB",
                    "giving_VBG",
                    "growth_NN",
                    "lead_VB",
                    "fact_NN",
                    "generation_NN",
                    "actually_RB",
                    "old_JJ",
                    "raise_VB",
                    "talking_VBG",
                    "end_NN",
                    "political_JJ",
                    "common_JJ",
                    "only_AP",
                    "use_VB",
                    "service_NN",
                    "students_NNS",
                    "support_NN",
                    "half_ABN",
                    "higher_JJR",
                    "tonight_NR",
                    "happen_VB",
                    "citizens_NNS",
                    "technology_NN",
                    "bless_VB",
                    "face_VB",
                    "once_RB",
                    "like_VB",
                    "market_NN",
                    "progress_NN",
                    "yes_RB",
                    "vote_NN",
                    "move_VB",
                    "no_RB",
                    "prosperity_NN",
                    "issue_NN",
                    "leaders_NNS",
                    "foreign_JJ",
                    "fair_JJ",
                    "industry_NN",
                    "republicans_NPS",
                    "trillion_CD",
                    "try_VB",
                    "tough_JJ",
                    "wants_VBZ",
                    "hard_RB",
                    "nations_NNS",
                    "rate_NN",
                    "wrong_JJ",
                    "social_JJ",
                    "maybe_RB",
                    "support_VB",
                    "1_CD",
                    "troops_NNS",
                    "turn_VB",
                    "remember_VB",
                    "5_CD",
                    "democrats_NPS",
                    "protect_VB",
                    "3_CD",
                    "they've_PPSS",
                    "week_NN",
                    "afghanistan_NP",
                    "after_CS",
                    "pass_VB",
                    "dream_NN",
                    "course_NN",
                    "opponent_NN",
                    "decade_NN",
                    "enough_QLP",
                    "nearly_RB",
                    "much_RB",
                    "before_IN",
                    "everything_PN",
                    "took_VBD",
                    "income_NN",
                    "greatest_JJT",
                    "interests_NNS",
                    "sense_NN",
                    "hope_NN",
                    "makes_VBZ",
                    "relief_NN",
                    "welfare_NN",
                    "help_NN",
                    "veterans_NNS",
                    "commitment_NN",
                    "reduce_VB",
                    "term_NN",
                    "white_JJ",
                    "trying_VBG",
                    "send_VB",
                    "basic_JJ",
                    "10_CD",
                    "number_NN",
                    "challenges_NNS",
                    "—_RBR",
                    "weapons_NNS",
                    "cars_NNS",
                    "difference_NN",
                    "went_VBD",
                    "cuts_NNS",
                    "because_RB",
                    "senate_NN",
                    "might_MD",
                    "yet_RB",
                    "little_JJ",
                    "george_NP",
                    "themselves_PPLS",
                    "21st_OD",
                    "isn't_BEZ",
                    "ohio_NP",
                    "words_NNS",
                    "countries_NNS",
                    "global_JJ",
                    "side_NN",
                    "bill_NP",
                    "serve_VB",
                    "for_CS",
                    "ought_MD",
                    "ideas_NNS",
                    "rules_NNS",
                    "since_CS",
                    "true_JJ",
                    "record_NN",
                    "special_JJ",
                    "ahead_RB",
                    "homes_NNS",
                    "crime_NN",
                    "ways_NNS",
                    "often_RB",
                    "overseas_RB",
                    "cuts_VBZ",
                    "communities_NNS",
                    "interest_NN",
                    "home_NN",
                    "private_JJ",
                    "rising_VBG",
                    "s_NIL",
                    "put_VBD",
                    "hear_VB",
                    "really_RB",
                    "standards_NNS",
                    "asking_VBG",
                    "i'd_PPSS",
                    "else_RB",
                    "success_NN",
                    "fight_NN",
                    "benefits_NNS",
                    "moving_VBG",
                    "mean_VB",
                    "somebody_PN",
                    "ourselves_PPLS",
                    "call_VB",
                    "decades_NNS",
                    "taking_VBG",
                    "first_RB",
                    "eight_CD",
                    "serious_JJ",
                    "clean_JJ",
                    "saw_VBD",
                    "hope_VB",
                    "bad_JJ",
                    "told_VBD",
                    "buy_VB",
                    "too_RB",
                    "during_IN",
                    "person_NN",
                    "democracy_NN",
                    "rights_NNS",
                    "terrorists_NNS",
                    "vision_NN",
                    "since_IN",
                    "opportunities_NNS",
                    "having_HVG",
                    "growing_VBG",
                    "company_NN",
                    "thousands_NNS",
                    "investments_NNS",
                    "needs_VBZ",
                    "seniors_NNS",
                    "others_NNS",
                    "lost_VBN",
                    "saying_VBG",
                    "manufacturing_VBG",
                    "paying_VBG",
                    "breaks_VBZ",
                    "fellow_NN",
                    "line_NN",
                    "possible_JJ",
                    "vote_VB",
                    "earth_NN",
                    "entire_JJ",
                    "local_JJ",
                    "strength_NN",
                    "investment_NN",
                    "democratic_JJ",
                    "night_NN",
                    "struggling_VBG",
                    "started_VBD",
                    "truth_NN",
                    "even_QL",
                    "compete_VB",
                    "rates_NNS",
                    "stronger_JJR",
                    "before_RB",
                    "china_NP",
                    "become_VB",
                    "helping_VBG",
                    "run_VB",
                    "month_NN",
                    "lower_JJR",
                    "harder_RBR",
                    "looking_VBG",
                    "come_VBN",
                    "path_NN",
                    "skills_NNS",
                    "stay_VB",
                    "example_NN",
                    "research_NN",
                    "leave_VB",
                    "story_NN",
                    "markets_NNS",
                    "decisions_NNS",
                    "weeks_NNS",
                    "until_CS",
                    "worked_VBD",
                    "medical_JJ",
                    "aren't_BER",
                    "behind_IN",
                    "it's_NP$",
                    "solve_VB",
                    "responsible_JJ",
                    "including_IN",
                    "in_RP",
                    "restore_VB",
                    "gave_VBD",
                    "care_VB",
                    "direction_NN",
                    "strategy_NN",
                    "called_VBD",
                    "who's_WPS",
                    "sick_JJ",
                    "wind_NN",
                    "spending_NN",
                    "greater_JJR",
                    "goal_NN",
                    "bills_NNS",
                    "cause_NN",
                    "defense_NN",
                    "knew_VBD",
                    "debate_NN",
                    "auto_NN",
                    "sometimes_RB",
                    "coverage_NN",
                    "israel_NP",
                    "five_CD",
                    "2008_CD",
                    "investing_VBG",
                    "question_NN",
                    "act_NN",
                    "passed_VBD",
                    "purpose_NN",
                    "given_VBN",
                    "force_NN",
                    "little_AP",
                    "savings_NNS",
                    "deserve_VB",
                    "lose_VB",
                    "effort_NN",
                    "building_VBG",
                    "act_VB",
                    "middle-class_NN",
                    "respect_NN",
                    "heard_VBD",
                    "dreams_NNS",
                    "anything_PN",
                    "easy_JJ",
                    "100_CD",
                    "lost_VBD",
                    "got_VBN",
                    "heart_NN",
                    "science_NN",
                    "romney_NN",
                    "iowa_NP",
                    "full_JJ",
                    "no_QL",
                    "tried_VBD",
                    "takes_VBZ",
                    "everyone_PN",
                    "you'll_PPSS",
                    "point_NN",
                    "tomorrow_NR",
                    "threat_NN",
                    "confidence_NN",
                    "city_NN",
                    "strengthen_VB",
                    "forces_NNS",
                    "wages_NNS",
                    "faith_NN",
                    "succeed_VB",
                    "right_RB",
                    "wasn't_BEDZ",
                    "increase_VB",
                    "–_RBR",
                    "whole_JJ",
                    "issues_NNS",
                    "drugs_NNS",
                    "begin_VB",
                    "far_RB",
                    "doors_NNS",
                    "stake_NN",
                    "right_NN",
                    "simple_JJ",
                    "expand_VB",
                    "capital_NN",
                    "generations_NNS",
                    "choices_NNS",
                    "offer_VB",
                    "top_NN",
                    "banks_NNS",
                    "met_VBD",
                    "her_PPO",
                    "challenge_NN",
                    "honor_NN",
                    "loans_NNS",
                    "gets_VBZ",
                    "50_CD",
                    "violence_NN",
                    "lobbyists_NNS",
                    "though_CS",
                    "hire_VB",
                    "longer_RBR",
                    "allies_NNS",
                    "plans_NNS",
                    "drug_NN",
                    "prices_NNS",
                    "among_IN",
                    "society_NN",
                    "price_NN",
                    "especially_RB",
                    "feel_VB",
                    "taken_VBN",
                    "spirit_NN",
                    "justice_NN",
                    "poor_JJ",
                    "fundamental_JJ",
                    "colleges_NNS",
                    "november_NP",
                    "alone_RB",
                    "friend_NN",
                    "elected_VBN",
                    "hold_VB",
                    "race_NN",
                    "gone_VBN",
                    "almost_RB",
                    "neighbors_NNS",
                    "regulations_NNS",
                    "helped_VBD",
                    "rebuild_VB",
                    "ones_NNS",
                    "living_VBG",
                    "that's_WPS",
                    "main_JJS",
                    "ensure_VB",
                    "whose_WP$",
                    "past_AP",
                    "learned_VBD",
                    "throughout_IN",
                    "personal_JJ",
                    "forget_VB",
                    "member_NN",
                    "action_NN",
                    "sources_NNS",
                    "wealthiest_JJT",
                    "training_NN",
                    "innovation_NN",
                    "access_NN",
                    "anybody_PN",
                    "improve_VB",
                    "much_QL",
                    "past_NN",
                    "defend_VB",
                    "worst_JJT",
                    "unemployment_NN",
                    "creating_VBG",
                    "terror_NN",
                    "appreciate_VB",
                    "here's_RB",
                    "share_VB",
                    "courage_NN",
                    "simply_RB",
                    "union_NN",
                    "laws_NNS",
                    "services_NNS",
                    "mr_NN",
                    "set_VB",
                    "than_IN",
                    "putting_VBG",
                    "couldn't_MD",
                    "dignity_NN",
                    "florida_NP",
                    "news_NN",
                    "cities_NNS",
                    "thought_VBD",
                    "necessary_JJ",
                    "housing_NN",
                    "candidate_NN",
                    "shouldn't_MD",
                    "learn_VB",
                    "solar_JJ",
                    "corporate_JJ",
                    "allow_VB",
                    "world's_NN$",
                    "created_VBN",
                    "sector_NN",
                    "join_VB",
                    "places_NNS",
                    "code_NN",
                    "thanks_NNS",
                    "math_NN",
                    "raising_VBG",
                    "biggest_JJT",
                    "parties_NNS",
                    "haven't_HV",
                    "mother_NN",
                    "wealth_NN",
                    "such_JJ",
                    "threats_NNS",
                    "bit_NN",
                    "answer_NN",
                    "case_NN",
                    "whatever_WDT.",
                    "fought_VBD",
                    "someone_PN",
                    "affordable_JJ",
                    "around_RB",
                    "resources_NNS",
                    "international_JJ",
                    "efforts_NNS",
                    "quality_NN",
                    "order_NN",
                    "agenda_NN",
                    "standing_VBG",
                    "voted_VBD",
                    "seek_VB",
                    "failed_VBN",
                    "risk_NN",
                    "facing_VBG",
                    "difficult_JJ",
                    "encourage_VB",
                    "mortgage_NN",
                    "exactly_RB",
                    "poverty_NN",
                    "woman_NN",
                    "sell_VB",
                    "safer_JJR",
                    "anyone_PN",
                    "roads_NNS",
                    "region_NN",
                    "expect_VB",
                    "mess_NN",
                    "third_OD",
                    "safe_JJ",
                    "increase_NN",
                    "ve_HV",
                    "share_NN",
                    "need_NN",
                    "paid_VBN",
                    "experience_NN",
                    "began_VBD",
                    "steps_NNS",
                    "trust_NN",
                    "called_VBN",
                    "require_VB",
                    "human_JJ",
                    "within_IN",
                    "al_NP",
                    "reforms_NNS",
                    "nation's_NN$",
                    "differences_NNS",
                    "eliminate_VB",
                    "achieve_VB",
                    "depression_NN",
                    "worker_NN",
                    "rebuilding_VBG",
                    "show_VB",
                    "word_NN",
                    "listen_VB",
                    "changes_NNS",
                    "they'll_PPSS",
                    "student_NN",
                    "less_QL",
                    "wouldn't_MD",
                    "known_VBN",
                    "put_VBN",
                    "cutting_VBG",
                    "250_CD",
                    "works_VBZ",
                    "goes_VBZ",
                    "philosophy_NN",
                    "beyond_IN",
                    "recession_NN",
                    "politicians_NNS",
                    "20_CD",
                    "secretary_NN",
                    "mission_NN",
                    "environment_NN",
                    "left_VBN",
                    "wanted_VBD",
                    "stood_VBD",
                    "iran_NP",
                    "open_VB",
                    "’_RN",
                    "billions_NNS",
                    "pay_NN",
                    "hand_NN",
                    "balanced_VBN",
                    "yesterday_NR",
                    "renewable_JJ",
                    "largest_JJT",
                    "re_RB",
                    "accountability_NN",
                    "republican_NP",
                    "level_NN",
                    "message_NN",
                    "control_NN",
                    "corporations_NNS",
                    "all_QL",
                    "least_AP",
                    "knows_VBZ",
                    "age_NN",
                    "deal_NN",
                    "built_VBN",
                    "later_RBR",
                    "500_CD",
                    "couple_NN",
                    "decide_VB",
                    "promised_VBD",
                    "used_VBN",
                    "character_NN",
                    "uniform_NN",
                    "remind_VB",
                    "tuition_NN",
                    "father_NN",
                    "happens_VBZ",
                    "30_CD",
                    "infrastructure_NN",
                    "available_JJ",
                    "retirement_NN",
                    "south_JJ",
                    "agree_VB",
                    "terrorist_JJ",
                    "process_NN",
                    "ability_NN",
                    "liberty_NN",
                    "hands_NNS",
                    "losing_VBG",
                    "prevent_VB",
                    "leader_NN",
                    "institutions_NNS",
                    "legislation_NN",
                    "–_VBZ",
                    "profits_NNS",
                    "wealthy_JJ",
                    "homeowners_NNS",
                    "republican_JJ",
                    "road_NN",
                    "equal_JJ",
                    "east_NR",
                    "walk_VB",
                    "morning_NN",
                    "decision_NN",
                    "led_VBD",
                    "september_NP",
                    "areas_NNS",
                    "outstanding_JJ",
                    "streets_NNS",
                    "win/loss"
                ]
            }
        }
    }
}